run,tool,TP,FP,FN,precision,recall,F1,exec_checked,exec_ok
B,CONTROL:cancel_task,0,1,0,0.0,,,0,0
B,CONTROL:reject_ticket,0,1,0,0.0,,,0,0
B,CONTROL:speech_control,2,1,14,0.6667,0.125,0.2105,0,0
B,CONTROL:stop_speaking,4,0,2,1.0,0.6667,0.8,0,0
B,android_close_control,0,1,0,0.0,,,0,0
B,android_dial,9,0,6,1.0,0.6,0.75,0,0
B,android_home,0,0,1,,0.0,,0,0
B,android_input,0,0,1,,0.0,,0,0
B,android_key,1,0,2,1.0,0.3333,0.5,0,0
B,android_notifications,1,3,2,0.25,0.3333,0.2857,0,0
B,android_open_app,3,0,2,1.0,0.6,0.75,0,0
B,android_open_control,1,3,0,0.25,1.0,0.4,0,0
B,android_open_url,0,0,1,,0.0,,0,0
B,android_pull_file,3,0,2,1.0,0.6,0.75,0,0
B,android_push_file,1,0,0,1.0,1.0,1.0,0,0
B,android_quick_action,1,1,14,0.5,0.0667,0.1176,0,0
B,android_screenshot,2,2,0,0.5,1.0,0.6667,0,0
B,android_status,2,1,0,0.6667,1.0,0.8,0,0
B,android_tap_text,1,1,8,0.5,0.1111,0.1818,0,0
B,android_toggle,6,0,9,1.0,0.4,0.5714,0,0
B,arrange_windows,4,1,3,0.8,0.5714,0.6667,0,0
B,batch_rename,0,0,2,,0.0,,0,0
B,battery_status,3,3,4,0.5,0.4286,0.4615,0,0
B,brightness_set,3,0,8,1.0,0.2727,0.4286,0,0
B,browser_autofill,0,1,0,0.0,,,0,0
B,browser_click,0,0,23,,0.0,,0,0
B,browser_op,3,4,8,0.4286,0.2727,0.3333,0,0
B,browser_quick_action,14,3,21,0.8235,0.4,0.5385,0,0
B,browser_snapshot,0,1,1,0.0,0.0,,0,0
B,browser_type,0,0,9,,0.0,,0,0
B,calendar_create_event,3,0,8,1.0,0.2727,0.4286,0,0
B,calendar_list_events,7,1,6,0.875,0.5385,0.6667,0,0
B,cancel_task,1,2,0,0.3333,1.0,0.5,0,0
B,capture_note,1,1,0,0.5,1.0,0.6667,0,0
B,check_app_installed,2,0,3,1.0,0.4,0.5714,0,0
B,clipboard_op,3,0,10,1.0,0.2308,0.375,0,0
B,close_app,2,2,5,0.5,0.2857,0.3636,0,0
B,code_search,1,0,1,1.0,0.5,0.6667,0,0
B,command_history,3,1,1,0.75,0.75,0.75,0,0
B,compound,7,0,26,1.0,0.2121,0.35,0,0
B,compress_files,1,0,3,1.0,0.25,0.4,1,0
B,connected_devices,1,0,4,1.0,0.2,0.3333,0,0
B,contact_info,0,0,7,,0.0,,0,0
B,copy_file,0,0,7,,0.0,,0,0
B,create_folder,3,0,1,1.0,0.75,0.8571,2,2
B,create_shortcut,0,3,2,0.0,0.0,,0,0
B,database_schema_read,0,0,4,,0.0,,0,0
B,database_status,0,0,2,,0.0,,0,0
B,delete_file,5,5,3,0.5,0.625,0.5556,2,2
B,delete_shortcut,1,0,1,1.0,0.5,0.6667,0,0
B,deliver_op,0,2,4,0.0,0.0,,0,0
B,describe_screen,9,0,10,1.0,0.4737,0.6429,0,0
B,desktop_ui_snapshot,0,0,1,,0.0,,0,0
B,diagnose_error,0,0,3,,0.0,,0,0
B,dialog_interaction,3,0,6,1.0,0.3333,0.5,0,0
B,dictate_text,4,3,1,0.5714,0.8,0.6667,0,0
B,dictation_mode_control,1,0,5,1.0,0.1667,0.2857,0,0
B,document_qa,0,0,1,,0.0,,0,0
B,empty_recycle_bin,0,0,1,,0.0,,0,0
B,extract_audio,1,0,2,1.0,0.3333,0.5,0,0
B,file_op,0,0,12,,0.0,,0,0
B,find_duplicates,0,2,2,0.0,0.0,,0,0
B,find_file,4,4,2,0.5,0.6667,0.5714,0,0
B,forget_fact,1,1,1,0.5,0.5,0.5,0,0
B,generate_meeting_notes,0,0,1,,0.0,,0,0
B,generate_password,2,0,0,1.0,1.0,1.0,0,0
B,get_app_location,3,2,1,0.6,0.75,0.6667,0,0
B,get_time,3,11,0,0.2143,1.0,0.3529,0,0
B,git_diff,0,0,5,,0.0,,0,0
B,git_status,1,1,1,0.5,0.5,0.5,0,0
B,gmail_list_recent,11,1,4,0.9167,0.7333,0.8148,0,0
B,ide_op,1,0,6,1.0,0.1429,0.25,0,0
B,install_software,1,3,0,0.25,1.0,0.4,0,0
B,keyboard_shortcut,1,0,5,1.0,0.1667,0.2857,0,0
B,knowledge_ingest,0,1,0,0.0,,,0,0
B,knowledge_search,0,0,2,,0.0,,0,0
B,list_directory,1,9,0,0.1,1.0,0.1818,0,0
B,list_installed_applications,0,0,4,,0.0,,0,0
B,list_reminders,2,0,2,1.0,0.5,0.6667,0,0
B,list_shortcuts,1,0,1,1.0,0.5,0.6667,0,0
B,localsend_text,0,0,1,,0.0,,0,0
B,lock_pc,0,0,2,,0.0,,0,0
B,maximize_window,2,1,0,0.6667,1.0,0.8,0,0
B,media_control,1,1,0,0.5,1.0,0.6667,0,0
B,memos_create,1,1,1,0.5,0.5,0.5,0,0
B,memos_recent,0,1,0,0.0,,,0,0
B,microphone_status,1,0,0,1.0,1.0,1.0,0,0
B,minimize_window,2,0,1,1.0,0.6667,0.8,0,0
B,morning_briefing,0,2,2,0.0,0.0,,0,0
B,move_file,0,0,6,,0.0,,0,0
B,move_resize_window,1,1,1,0.5,0.5,0.5,0,0
B,network_info,2,1,5,0.6667,0.2857,0.4,0,0
B,ollama_chat,0,0,2,,0.0,,0,0
B,open_app,5,13,2,0.2778,0.7143,0.4,0,0
B,open_file,0,0,3,,0.0,,0,0
B,open_known_folder,2,2,1,0.5,0.6667,0.5714,0,0
B,open_system_settings,0,0,3,,0.0,,0,0
B,open_website,1,2,7,0.3333,0.125,0.1818,0,0
B,organize_downloads,0,2,1,0.0,0.0,,0,0
B,pc_quick_action,1,0,3,1.0,0.25,0.4,0,0
B,personal_briefing,0,2,2,0.0,0.0,,0,0
B,phone_op,5,0,0,1.0,1.0,1.0,0,0
B,play_youtube,1,0,1,1.0,0.5,0.6667,0,0
B,project_discover,0,1,1,0.0,0.0,,0,0
B,project_logs,1,0,5,1.0,0.1667,0.2857,0,0
B,project_run,0,2,3,0.0,0.0,,0,0
B,project_stop,0,0,2,,0.0,,0,0
B,quick_answer,0,0,11,,0.0,,0,0
B,read_file_metadata,0,0,2,,0.0,,0,0
B,read_whatsapp_messages,4,1,9,0.8,0.3077,0.4444,0,0
B,recall_facts,0,1,2,0.0,0.0,,0,0
B,recent_actions,1,2,5,0.3333,0.1667,0.2222,0,0
B,refresh_applications,0,1,0,0.0,,,0,0
B,remember_fact,3,0,3,1.0,0.5,0.6667,0,0
B,rename_file,2,0,2,1.0,0.5,0.6667,2,1
B,reply_whatsapp_all,2,1,0,0.6667,1.0,0.8,0,0
B,reply_whatsapp_message,2,0,2,1.0,0.5,0.6667,0,0
B,resource_usage,1,0,0,1.0,1.0,1.0,0,0
B,rss_latest,1,0,3,1.0,0.25,0.4,0,0
B,run_project_tests,3,0,2,1.0,0.6,0.75,0,0
B,save_workspace,0,0,1,,0.0,,0,0
B,screen_click,7,11,2,0.3889,0.7778,0.5185,0,0
B,screen_op,0,0,3,,0.0,,0,0
B,search_news,0,0,7,,0.0,,0,0
B,search_notes,2,0,0,1.0,1.0,1.0,0,0
B,search_web,0,4,7,0.0,0.0,,0,0
B,send_whatsapp_bulk,0,0,1,,0.0,,0,0
B,send_whatsapp_message,12,4,7,0.75,0.6316,0.6857,0,0
B,set_reminder,12,5,9,0.7059,0.5714,0.6316,0,0
B,set_reply_language,3,0,1,1.0,0.75,0.8571,0,0
B,set_voice,3,1,1,0.75,0.75,0.75,0,0
B,show_desktop,0,0,1,,0.0,,0,0
B,snap_window,0,0,9,,0.0,,0,0
B,standing_rule,0,1,0,0.0,,,0,0
B,start_study_focus,1,0,5,1.0,0.1667,0.2857,0,0
B,stopwatch,4,0,4,1.0,0.5,0.6667,0,0
B,summarize_whatsapp_messages,3,0,2,1.0,0.6,0.75,0,0
B,switch_window,0,1,1,0.0,0.0,,0,0
B,system_diagnostics,0,1,0,0.0,,,0,0
B,system_info,1,0,0,1.0,1.0,1.0,0,0
B,system_op,1,0,4,1.0,0.2,0.3333,0,0
B,system_power_control,2,0,3,1.0,0.4,0.5714,0,0
B,take_screenshot,6,9,1,0.4,0.8571,0.5455,0,0
B,text_op,2,1,15,0.6667,0.1176,0.2,0,0
B,todo,5,1,8,0.8333,0.3846,0.5263,0,0
B,top_memory_processes,0,2,3,0.0,0.0,,0,0
B,trim_media_clip,0,0,4,,0.0,,0,0
B,ui_op,6,2,3,0.75,0.6667,0.7059,0,0
B,uninstall_software,0,1,1,0.0,0.0,,0,0
B,update_software,2,0,3,1.0,0.4,0.5714,0,0
B,video_op,0,0,1,,0.0,,0,0
B,voice_edit,0,0,1,,0.0,,0,0
B,volume_down,0,0,3,,0.0,,0,0
B,volume_get,0,14,0,0.0,,,0,0
B,volume_mute,0,0,2,,0.0,,0,0
B,volume_set,5,0,4,1.0,0.5556,0.7143,0,0
B,volume_unmute,0,0,1,,0.0,,0,0
B,volume_up,0,0,1,,0.0,,0,0
B,wake_greeting,0,1,0,0.0,,,0,0
B,wake_word_status,0,1,0,0.0,,,0,0
B,watch_op,1,0,8,1.0,0.1111,0.2,0,0
B,web_task,0,1,1,0.0,0.0,,0,0
B,whatsapp_action,0,0,1,,0.0,,0,0
B,whatsapp_auto_reply,3,0,3,1.0,0.5,0.6667,0,0
B,whatsapp_autoreply_pause,0,1,0,0.0,,,0,0
B,whatsapp_contact_resolve,0,1,0,0.0,,,0,0
B,whatsapp_draft_cancel,0,1,0,0.0,,,0,0
B,whatsapp_language_profile,0,1,0,0.0,,,0,0
B,whatsapp_learn_chats,1,0,0,1.0,1.0,1.0,0,0
B,whatsapp_message_action_items,0,1,0,0.0,,,0,0
B,whatsapp_message_read,0,4,0,0.0,,,0,0
B,whatsapp_message_reply_context,0,2,0,0.0,,,0,0
B,whatsapp_message_search,0,1,0,0.0,,,0,0
B,whatsapp_status,0,1,0,0.0,,,0,0
B,whatsapp_voice_summarize,0,2,0,0.0,,,0,0
B,wifi_status,0,5,0,0.0,,,0,0
B,window_op,4,0,8,1.0,0.3333,0.5,0,0
B,workflow_op,5,1,5,0.8333,0.5,0.625,0,0
A,CONTROL:cancel_task,0,1,0,0.0,,,0,0
A,CONTROL:reject_ticket,0,1,0,0.0,,,0,0
A,CONTROL:speech_control,3,1,13,0.75,0.1875,0.3,0,0
A,CONTROL:stop_speaking,4,0,2,1.0,0.6667,0.8,0,0
A,android_close_control,0,1,0,0.0,,,0,0
A,android_dial,8,0,7,1.0,0.5333,0.6957,0,0
A,android_home,0,0,1,,0.0,,0,0
A,android_input,0,0,1,,0.0,,0,0
A,android_key,1,0,2,1.0,0.3333,0.5,0,0
A,android_notifications,1,3,2,0.25,0.3333,0.2857,0,0
A,android_open_app,3,0,2,1.0,0.6,0.75,0,0
A,android_open_control,1,3,0,0.25,1.0,0.4,0,0
A,android_open_url,0,0,1,,0.0,,0,0
A,android_pull_file,3,0,2,1.0,0.6,0.75,0,0
A,android_push_file,1,0,0,1.0,1.0,1.0,0,0
A,android_quick_action,2,1,13,0.6667,0.1333,0.2222,0,0
A,android_screenshot,2,2,0,0.5,1.0,0.6667,0,0
A,android_status,2,1,0,0.6667,1.0,0.8,0,0
A,android_tap_text,0,1,9,0.0,0.0,,0,0
A,android_toggle,6,0,9,1.0,0.4,0.5714,0,0
A,arrange_windows,4,1,3,0.8,0.5714,0.6667,0,0
A,batch_rename,0,0,2,,0.0,,0,0
A,battery_status,3,3,4,0.5,0.4286,0.4615,0,0
A,brightness_set,3,0,8,1.0,0.2727,0.4286,0,0
A,browser_autofill,0,1,0,0.0,,,0,0
A,browser_click,0,0,23,,0.0,,0,0
A,browser_op,3,4,8,0.4286,0.2727,0.3333,0,0
A,browser_quick_action,13,2,22,0.8667,0.3714,0.52,0,0
A,browser_snapshot,0,1,1,0.0,0.0,,0,0
A,browser_type,0,0,9,,0.0,,0,0
A,calendar_create_event,4,0,6,1.0,0.4,0.5714,0,0
A,calendar_list_events,7,1,6,0.875,0.5385,0.6667,0,0
A,cancel_task,1,2,0,0.3333,1.0,0.5,0,0
A,capture_note,1,1,0,0.5,1.0,0.6667,0,0
A,check_app_installed,2,0,3,1.0,0.4,0.5714,0,0
A,clipboard_op,3,0,10,1.0,0.2308,0.375,0,0
A,close_app,2,2,5,0.5,0.2857,0.3636,0,0
A,code_search,1,0,1,1.0,0.5,0.6667,0,0
A,command_history,3,1,1,0.75,0.75,0.75,0,0
A,compound,5,0,28,1.0,0.1515,0.2632,0,0
A,compress_files,1,0,3,1.0,0.25,0.4,0,0
A,connected_devices,1,0,4,1.0,0.2,0.3333,0,0
A,contact_info,0,0,7,,0.0,,0,0
A,copy_file,0,0,7,,0.0,,0,0
A,create_folder,3,0,1,1.0,0.75,0.8571,0,0
A,create_shortcut,0,3,2,0.0,0.0,,0,0
A,database_schema_read,0,0,4,,0.0,,0,0
A,database_status,0,0,2,,0.0,,0,0
A,delete_file,5,5,3,0.5,0.625,0.5556,0,0
A,delete_shortcut,1,0,1,1.0,0.5,0.6667,0,0
A,deliver_op,0,2,4,0.0,0.0,,0,0
A,describe_screen,10,0,9,1.0,0.5263,0.6897,0,0
A,desktop_ui_snapshot,0,0,1,,0.0,,0,0
A,diagnose_error,0,0,3,,0.0,,0,0
A,dialog_interaction,3,0,7,1.0,0.3,0.4615,0,0
A,dictate_text,4,3,1,0.5714,0.8,0.6667,0,0
A,dictation_mode_control,1,0,5,1.0,0.1667,0.2857,0,0
A,document_qa,0,0,1,,0.0,,0,0
A,empty_recycle_bin,0,0,1,,0.0,,0,0
A,extract_audio,1,0,2,1.0,0.3333,0.5,0,0
A,file_op,0,0,12,,0.0,,0,0
A,find_duplicates,0,2,2,0.0,0.0,,0,0
A,find_file,4,4,2,0.5,0.6667,0.5714,0,0
A,forget_fact,1,1,1,0.5,0.5,0.5,0,0
A,generate_meeting_notes,0,0,1,,0.0,,0,0
A,generate_password,2,0,0,1.0,1.0,1.0,0,0
A,get_app_location,2,2,2,0.5,0.5,0.5,0,0
A,get_time,3,11,0,0.2143,1.0,0.3529,0,0
A,git_diff,0,0,5,,0.0,,0,0
A,git_status,1,1,1,0.5,0.5,0.5,0,0
A,gmail_list_recent,11,4,4,0.7333,0.7333,0.7333,0,0
A,ide_op,1,0,6,1.0,0.1429,0.25,0,0
A,install_software,1,3,0,0.25,1.0,0.4,0,0
A,keyboard_shortcut,1,0,5,1.0,0.1667,0.2857,0,0
A,knowledge_ingest,0,1,0,0.0,,,0,0
A,knowledge_search,0,0,2,,0.0,,0,0
A,list_directory,1,10,0,0.0909,1.0,0.1667,0,0
A,list_installed_applications,0,0,4,,0.0,,0,0
A,list_reminders,2,0,2,1.0,0.5,0.6667,0,0
A,list_shortcuts,1,0,1,1.0,0.5,0.6667,0,0
A,localsend_text,0,0,1,,0.0,,0,0
A,lock_pc,0,0,1,,0.0,,0,0
A,maximize_window,2,1,0,0.6667,1.0,0.8,0,0
A,media_control,1,1,0,0.5,1.0,0.6667,0,0
A,memos_create,1,1,1,0.5,0.5,0.5,0,0
A,memos_recent,0,1,0,0.0,,,0,0
A,microphone_status,1,0,0,1.0,1.0,1.0,0,0
A,minimize_window,2,0,1,1.0,0.6667,0.8,0,0
A,morning_briefing,0,2,2,0.0,0.0,,0,0
A,move_file,0,0,6,,0.0,,0,0
A,move_resize_window,1,1,1,0.5,0.5,0.5,0,0
A,network_info,2,1,5,0.6667,0.2857,0.4,0,0
A,ollama_chat,0,0,2,,0.0,,0,0
A,open_app,5,13,2,0.2778,0.7143,0.4,0,0
A,open_file,0,0,3,,0.0,,0,0
A,open_known_folder,2,2,1,0.5,0.6667,0.5714,0,0
A,open_system_settings,0,0,3,,0.0,,0,0
A,open_website,1,3,7,0.25,0.125,0.1667,0,0
A,organize_downloads,1,2,0,0.3333,1.0,0.5,0,0
A,pc_quick_action,1,1,3,0.5,0.25,0.3333,0,0
A,personal_briefing,0,2,2,0.0,0.0,,0,0
A,phone_op,5,0,0,1.0,1.0,1.0,0,0
A,play_youtube,1,1,1,0.5,0.5,0.5,0,0
A,project_discover,0,1,1,0.0,0.0,,0,0
A,project_logs,1,0,5,1.0,0.1667,0.2857,0,0
A,project_run,0,2,3,0.0,0.0,,0,0
A,project_stop,0,0,2,,0.0,,0,0
A,quick_answer,0,0,11,,0.0,,0,0
A,read_file_metadata,0,0,2,,0.0,,0,0
A,read_whatsapp_messages,4,1,9,0.8,0.3077,0.4444,0,0
A,recall_facts,0,1,2,0.0,0.0,,0,0
A,recent_actions,1,2,5,0.3333,0.1667,0.2222,0,0
A,refresh_applications,0,1,0,0.0,,,0,0
A,remember_fact,3,0,3,1.0,0.5,0.6667,0,0
A,rename_file,2,0,2,1.0,0.5,0.6667,0,0
A,reply_whatsapp_all,2,1,0,0.6667,1.0,0.8,0,0
A,reply_whatsapp_message,3,0,1,1.0,0.75,0.8571,0,0
A,resource_usage,1,0,0,1.0,1.0,1.0,0,0
A,rss_latest,1,0,3,1.0,0.25,0.4,0,0
A,run_project_tests,3,0,2,1.0,0.6,0.75,0,0
A,save_workspace,0,1,1,0.0,0.0,,0,0
A,screen_click,6,11,2,0.3529,0.75,0.48,0,0
A,screen_op,0,0,3,,0.0,,0,0
A,search_news,0,0,7,,0.0,,0,0
A,search_notes,2,0,0,1.0,1.0,1.0,0,0
A,search_web,2,4,5,0.3333,0.2857,0.3077,0,0
A,send_whatsapp_bulk,0,0,2,,0.0,,0,0
A,send_whatsapp_message,10,5,8,0.6667,0.5556,0.6061,0,0
A,set_reminder,16,5,6,0.7619,0.7273,0.7442,0,0
A,set_reply_language,3,1,1,0.75,0.75,0.75,0,0
A,set_voice,3,1,1,0.75,0.75,0.75,0,0
A,show_desktop,0,0,1,,0.0,,0,0
A,snap_window,0,0,9,,0.0,,0,0
A,standing_rule,0,1,0,0.0,,,0,0
A,start_study_focus,1,0,5,1.0,0.1667,0.2857,0,0
A,stopwatch,4,0,4,1.0,0.5,0.6667,0,0
A,summarize_whatsapp_messages,3,0,2,1.0,0.6,0.75,0,0
A,switch_window,0,1,1,0.0,0.0,,0,0
A,system_diagnostics,0,1,0,0.0,,,0,0
A,system_info,1,0,0,1.0,1.0,1.0,0,0
A,system_op,1,0,4,1.0,0.2,0.3333,0,0
A,system_power_control,3,0,3,1.0,0.5,0.6667,0,0
A,take_screenshot,6,10,1,0.375,0.8571,0.5217,0,0
A,text_op,2,1,15,0.6667,0.1176,0.2,0,0
A,todo,7,2,6,0.7778,0.5385,0.6364,0,0
A,top_memory_processes,0,2,3,0.0,0.0,,0,0
A,trim_media_clip,0,0,4,,0.0,,0,0
A,ui_op,6,2,3,0.75,0.6667,0.7059,0,0
A,uninstall_software,0,1,1,0.0,0.0,,0,0
A,update_software,2,0,3,1.0,0.4,0.5714,0,0
A,voice_edit,0,0,1,,0.0,,0,0
A,volume_down,0,1,3,0.0,0.0,,0,0
A,volume_get,0,1,0,0.0,,,0,0
A,volume_mute,1,3,1,0.25,0.5,0.3333,0,0
A,volume_set,5,0,3,1.0,0.625,0.7692,0,0
A,volume_unmute,0,5,1,0.0,0.0,,0,0
A,volume_up,2,5,1,0.2857,0.6667,0.4,0,0
A,wake_word_status,0,2,0,0.0,,,0,0
A,watch_op,1,0,8,1.0,0.1111,0.2,0,0
A,web_task,0,1,1,0.0,0.0,,0,0
A,whatsapp_action,0,0,1,,0.0,,0,0
A,whatsapp_auto_reply,3,0,3,1.0,0.5,0.6667,0,0
A,whatsapp_learn_chats,1,0,0,1.0,1.0,1.0,0,0
A,whatsapp_status,0,1,0,0.0,,,0,0
A,wifi_status,0,5,0,0.0,,,0,0
A,window_op,4,0,8,1.0,0.3333,0.5,0,0
A,workflow_op,5,1,5,0.8333,0.5,0.625,0,0
