expected,got,count
REFUSE,CLARIFY,33
CHAT,CLARIFY,23
compound,PLAN,13
brightness_set,CLARIFY,10
compound,CLARIFY,10
android_toggle,CLARIFY,10
browser_quick_action,CLARIFY,10
clipboard_op,CLARIFY,9
browser_click,CLARIFY,9
gmail_list_recent,CLARIFY,8
compound,compound,7
CLARIFY,CHAT,7
CONTROL:speech_control,CLARIFY,7
text_op,CLARIFY,7
ide_op,CLARIFY,7
android_tap_text,CLARIFY,7
volume_set,CLARIFY,6
read_whatsapp_messages,CLARIFY,6
describe_screen,CLARIFY,6
computer_task,CLARIFY,6
snap_window,CLARIFY,6
set_reminder,CLARIFY,6
android_dial,CLARIFY,6
search_news,CLARIFY,5
quick_answer,CHAT,5
uninstall_software,CLARIFY,5
recent_actions,CLARIFY,5
REFUSE,PLAN,5
set_voice,CLARIFY,5
calendar_create_event,calendar_create_event,5
lock_pc,CLARIFY,4
browser_op,CLARIFY,4
delete_file,delete_file,4
send_whatsapp_message,CLARIFY,4
copy_file,CLARIFY,4
CLARIFY,open_app,4
set_reply_language,set_reply_language,4
android_toggle,wifi_status,4
open_website,open_app,4
dialog_interaction,CLARIFY,4
keyboard_shortcut,CLARIFY,4
browser_type,CLARIFY,4
android_tap_text,phone_op,4
workflow_op,PLAN,4
project_logs,CLARIFY,4
search_web,CHAT,3
CLARIFY,PLAN,3
CLARIFY,switch_window,3
generate_password,generate_password,3
contact_info,CHAT,3
whatsapp_auto_reply,CLARIFY,3
document_qa,CHAT,3
move_file,CLARIFY,3
document_qa,CLARIFY,3
generate_password,CLARIFY,3
CONTROL:speech_control,set_reply_language,3
android_pull_file,CLARIFY,3
calendar_list_events,CLARIFY,3
calendar_list_events,CHAT,3
browser_op,open_app,3
describe_screen,CHAT,3
capture_note,CLARIFY,3
CHAT,play_youtube,3
dictation_mode_control,CLARIFY,3
browser_op,PLAN,3
watch_op,PLAN,3
battery_status,CHAT,2
take_screenshot,CLARIFY,2
media_control,CLARIFY,2
close_app,close_app,2
volume_up,CLARIFY,2
system_power_control,CLARIFY,2
open_system_settings,CLARIFY,2
volume_mute,CLARIFY,2
install_software,install_software,2
REFUSE,send_whatsapp_message,2
delete_file,organize_downloads,2
install_software,PLAN,2
REFUSE,generate_password,2
file_op,CLARIFY,2
read_whatsapp_messages,read_whatsapp_messages,2
reply_whatsapp_message,reply_whatsapp_message,2
reply_whatsapp_all,reply_whatsapp_all,2
send_whatsapp_message,send_whatsapp_message,2
document_qa,volume_get,2
file_op,open_app,2
rename_file,CLARIFY,2
start_study_focus,CLARIFY,2
gmail_list_recent,CHAT,2
CONTROL:speech_control,volume_get,2
compound,wifi_status,2
gmail_list_recent,open_app,2
browser_quick_action,close_app,2
browser_quick_action,switch_window,2
CLARIFY,browser_op,2
screen_click,screen_click,2
computer_task,switch_window,2
computer_task,volume_get,2
remember_fact,CHAT,2
todo,CLARIFY,2
CLARIFY,todo,2
volume_down,CLARIFY,2
keyboard_shortcut,screen_click,2
dictation_mode_control,dictation_mode_control,2
dictate_text,CLARIFY,2
ui_op,screen_click,2
ui_op,CLARIFY,2
window_op,CLARIFY,2
git_diff,PLAN,2
android_tap_text,volume_get,2
android_notifications,CLARIFY,2
android_quick_action,CLARIFY,2
stopwatch,stopwatch,2
watch_op,CLARIFY,2
explain_route,CHAT,2
watch_op,play_youtube,2
trim_media_clip,CLARIFY,2
extract_audio,CLARIFY,2
run_project_tests,open_app,2
volume_mute,volume_get,1
file_op,top_memory_processes,1
read_whatsapp_messages,standing_rule,1
media_control,play_youtube,1
window_op,show_desktop,1
REFUSE,open_app,1
play_youtube,CLARIFY,1
pc_quick_action,CLARIFY,1
brightness_get,CHAT,1
system_power_control,system_info,1
system_power_control,system_power_control,1
open_app,open_app,1
CHAT,standing_rule,1
REFUSE,close_app,1
quick_answer,get_time,1
REFUSE,browser_snapshot,1
empty_recycle_bin,CLARIFY,1
update_software,CLARIFY,1
system_power_control,system_op,1
browser_op,volume_get,1
read_whatsapp_messages,reply_whatsapp_message,1
summarize_whatsapp_messages,CLARIFY,1
reply_whatsapp_message,dictate_text,1
whatsapp_auto_reply,whatsapp_auto_reply,1
whatsapp_auto_reply,get_time,1
reply_whatsapp_message,morning_briefing,1
whatsapp_auto_reply,reply_whatsapp_all,1
CLARIFY,reply_whatsapp_message,1
send_whatsapp_bulk,send_whatsapp_message,1
read_whatsapp_messages,CHAT,1
compound,take_screenshot,1
compound,find_file,1
file_op,PLAN,1
PLAN,open_website,1
arrange_windows,CLARIFY,1
PLAN,CHAT,1
file_op,organize_downloads,1
compound,pc_quick_action,1
compound,close_app,1
PLAN,get_time,1
compound,start_study_focus,1
open_file,PLAN,1
deliver_op,PLAN,1
compound,CHAT,1
run_project_tests,run_project_tests,1
CLARIFY,recent_actions,1
workflow_op,volume_get,1
move_file,organize_downloads,1
list_directory,PLAN,1
file_op,find_duplicates,1
file_op,find_file,1
file_op,list_directory,1
open_file,open_app,1
create_folder,CLARIFY,1
organize_downloads,organize_downloads,1
find_duplicates,take_screenshot,1
read_file_metadata,CHAT,1
compress_files,compress_files,1
CLARIFY,take_screenshot,1
REFUSE,list_directory,1
compound,list_directory,1
batch_rename,take_screenshot,1
document_qa,document_qa,1
diagnose_error,CHAT,1
morning_briefing,open_app,1
search_web,open_website,1
search_news,search_news,1
start_study_focus,get_time,1
exam_assessment_helper,CHAT,1
diagnose_error,CLARIFY,1
diagnose_error,PLAN,1
search_web,find_file,1
CLARIFY,personal_briefing,1
CHAT,generate_password,1
CHAT,describe_screen,1
CONTROL:speech_control,CHAT,1
CONTROL:stop_speaking,volume_get,1
CONTROL:speech_control,recent_actions,1
browser_op,browser_snapshot,1
CONTROL:stop_speaking,CLARIFY,1
CONTROL:speech_control,wake_word_status,1
CONTROL:speech_control,video_op,1
CLARIFY,set_reply_language,1
CLARIFY,gmail_list_recent,1
android_status,CHAT,1
android_open_app,play_youtube,1
android_push_file,CLARIFY,1
android_quick_action,get_app_location,1
android_open_app,android_open_app,1
android_back,CLARIFY,1
android_quick_action,localsend_text,1
android_quick_action,android_open_control,1
android_toggle,volume_get,1
android_tap_text,screen_click,1
CLARIFY,volume_get,1
CLARIFY,android_pull_file,1
CHAT,wifi_status,1
REFUSE,android_notifications,1
phone_op,CLARIFY,1
android_input,android_open_control,1
gmail_list_recent,gmail_list_recent,1
PLAN,CLARIFY,1
calendar_create_event,CLARIFY,1
calendar_list_events,get_time,1
calendar_create_event,get_time,1
calendar_list_events,list_directory,1
browser_quick_action,browser_op,1
browser_quick_action,text_op,1
open_website,open_website,1
browser_quick_action,refresh_applications,1
browser_quick_action,gmail_list_recent,1
browser_quick_action,volume_get,1
browser_quick_action,play_youtube,1
browser_op,find_file,1
browser_op,text_op,1
dialog_interaction,system_op,1
screen_op,CLARIFY,1
dialog_interaction,close_app,1
describe_screen,PLAN,1
screen_click,PLAN,1
describe_screen,gmail_list_recent,1
describe_screen,describe_screen,1
CLARIFY,close_app,1
REFUSE,screen_click,1
REFUSE,describe_screen,1
screen_op,take_screenshot,1
list_installed_applications,list_directory,1
get_app_location,install_software,1
update_software,PLAN,1
check_app_installed,check_app_installed,1
computer_task,wifi_status,1
refresh_applications,CLARIFY,1
connected_devices,CLARIFY,1
list_installed_applications,CLARIFY,1
get_app_location,get_app_location,1
check_app_installed,standing_rule,1
CLARIFY,install_software,1
REFUSE,install_software,1
REFUSE,CHAT,1
compound,install_software,1
compound,search_web,1
command_history,command_history,1
memos_recent,PLAN,1
todo,CHAT,1
forget_fact,top_memory_processes,1
command_history,CLARIFY,1
previous_outcome,CLARIFY,1
remember_fact,CLARIFY,1
recall_facts,CHAT,1
memos_recent,search_notes,1
recall_facts,recent_actions,1
forget_fact,CHAT,1
todo,delete_file,1
CHAT,remember_fact,1
forget_fact,set_reminder,1
capture_note,memos_create,1
search_notes,PLAN,1
CLARIFY,forget_fact,1
CLARIFY,recall_facts,1
REFUSE,remember_fact,1
compound,remember_fact,1
command_history,previous_outcome,1
CHAT,get_time,1
CHAT,personal_briefing,1
CHAT,uninstall_software,1
CHAT,PLAN,1
CHAT,set_reply_language,1
read_whatsapp_messages,gmail_list_recent,1
open_known_folder,organize_downloads,1
read_whatsapp_messages,send_whatsapp_message,1
system_power_control,PLAN,1
reply_whatsapp_all,CLARIFY,1
CLARIFY,android_dial,1
REFUSE,delete_file,1
compound,open_app,1
set_reply_language,CLARIFY,1
dictation_mode_control,set_reply_language,1
text_op,voice_edit,1
dictation_mode_control,open_app,1
text_op,delete_file,1
text_op,cancel_task,1
dictation_mode_control,todo,1
clipboard_op,CHAT,1
dictate_text,dictate_text,1
clipboard_op,pc_quick_action,1
CLARIFY,wake_word_status,1
CLARIFY,pc_quick_action,1
text_op,PLAN,1
text_op,text_op,1
switch_window,switch_window,1
show_desktop,minimize_window,1
ide_op,open_app,1
clipboard_op,PLAN,1
switch_window,CLARIFY,1
window_op,maximize_window,1
show_desktop,CLARIFY,1
maximize_window,desktop_ui_snapshot,1
ide_op,browser_quick_action,1
CLARIFY,ui_op,1
REFUSE,browser_autofill,1
ide_op,rename_file,1
browser_type,search_web,1
browser_op,get_time,1
browser_click,screen_click,1
browser_click,browser_quick_action,1
browser_click,git_status,1
browser_op,network_info,1
ui_op,search_news,1
CLARIFY,screen_click,1
browser_click,CHAT,1
browser_snapshot,CLARIFY,1
android_dial,android_dial,1
android_notifications,list_directory,1
android_quick_action,send_whatsapp_message,1
android_key,CLARIFY,1
android_notifications,CHAT,1
android_dial,CHAT,1
android_key,volume_get,1
android_dial,search_web,1
android_dial,volume_get,1
android_tap_text,REFUSE,1
android_tap_text,android_key,1
contact_info,CLARIFY,1
workflow_op,watch_op,1
create_shortcut,volume_get,1
delete_shortcut,delete_shortcut,1
set_reminder,CHAT,1
stopwatch,get_time,1
create_shortcut,brightness_get,1
stopwatch,CLARIFY,1
CLARIFY,set_reminder,1
CLARIFY,watch_op,1
CLARIFY,get_time,1
REFUSE,get_app_location,1
git_diff,git_status,1
code_search,find_file,1
database_schema_read,CHAT,1
database_status,CHAT,1
project_discover,run_project_tests,1
run_project_tests,CLARIFY,1
git_status,powershell_command,1
project_stop,CLARIFY,1
workflow_op,list_directory,1
git_status,CHAT,1
launch_workspace,get_time,1
code_repair_loop,run_project_tests,1
workflow_op,open_app,1
workflow_op,CLARIFY,1
project_run,open_app,1
code_search,code_search,1
CLARIFY,project_stop,1
workflow_op,open_file,1
code_edit,CLARIFY,1
