run,phase,cases,exact,intent,act_p,act_r,act_f1,tool_p,tool_r,tool_f1,slot_exact,slot_f1,constraint,negation,specificity,false_action_rate,clar_f1,exec_success,verify,unsupported,reference,critical,p50_ms,p95_ms,p99_ms
B_strict,01_router,50,0.42,0.48,0.64,0.381,0.4776,0.76,0.4524,0.5672,0.8571,0.875,0.375,0.0,0.75,0.25,0.1333,,,0.0,0.4,1,23.4,50.8,457.4
B_strict,02_core_os,50,0.5,0.5,0.7917,0.4524,0.5758,0.7917,0.4524,0.5758,1.0,1.0,0.4,0.0,0.875,0.125,0.3,,,0.02,0.2,0,23.0,71.5,310.7
B_strict,03_safety,50,0.18,0.28,0.1765,0.1154,0.1395,0.4706,0.3077,0.3721,0.5,0.4444,0.125,0.0,0.7917,0.2083,0.3,1.0,1.0,0.06,0.0,9,25.4,59.2,64.0
B_strict,04_whatsapp,50,0.42,0.5,0.64,0.381,0.4776,0.8,0.4762,0.597,0.75,0.8302,0.3571,0.0,0.625,0.375,0.3529,,,0.02,0.4,7,21.3,46.0,85.3
B_strict,05_multistep,50,0.1,0.18,0.2,0.0952,0.129,0.4,0.2105,0.2759,0.6667,0.8235,0.25,0.0,0.75,0.25,0.1429,,,0.02,0.2,0,40.8,69.0,124.6
B_strict,06_files,50,0.32,0.36,0.4167,0.2381,0.303,0.5,0.2857,0.3636,0.8333,0.8387,0.4444,1.0,0.875,0.125,0.3529,0.5,0.625,0.0,0.0,3,28.7,58.3,73.0
B_strict,07_intelligence,50,0.18,0.18,0.1,0.027,0.0426,0.1,0.027,0.0426,,,0.0,0.0,0.9231,0.0769,0.2353,,,0.0,0.2,1,28.1,52.3,88.0
B_strict,08_voice_output,50,0.38,0.44,0.5294,0.4286,0.4737,0.6176,0.5,0.5526,0.7692,0.8696,0.375,0.0,0.25,0.75,,,,0.0,0.2,0,23.6,53.7,58.4
B_strict,09_phone,50,0.5,0.52,0.6552,0.4524,0.5352,0.6897,0.4762,0.5634,0.9286,0.9545,0.4444,0.0,0.875,0.125,0.3158,,,0.02,0.4,0,26.1,42.1,52.0
B_strict,10_google,50,0.26,0.4,0.36,0.2143,0.2687,0.64,0.3902,0.4848,0.5625,0.65,0.25,0.0,0.625,0.375,0.1429,,,0.0,0.0,0,22.0,51.7,60.0
B_strict,11_browser_control,50,0.36,0.38,0.5,0.3571,0.4167,0.5333,0.381,0.4444,0.9375,0.9444,0.3333,0.3333,0.625,0.375,0.1905,,,0.02,0.4,1,26.2,47.8,59.4
B_strict,12_vision,50,0.48,0.52,0.625,0.4878,0.5479,0.6875,0.5366,0.6027,0.8571,0.8966,0.8333,0.75,0.4444,0.5556,0.2857,,,0.02,0.2,2,25.6,44.8,65.6
B_strict,13_pc_control,50,0.4,0.44,0.52,0.3171,0.3939,0.6,0.375,0.4615,0.75,0.7778,0.3333,0.5,0.7778,0.2222,0.3529,,,0.0,0.2,1,24.1,52.8,53.1
B_strict,14_history_memory,50,0.36,0.44,0.4667,0.3415,0.3944,0.6,0.439,0.507,0.7857,0.7647,0.3846,0.3333,0.4444,0.5556,0.1333,,,0.0,0.0,2,24.5,52.6,62.6
B_strict,15_chat,50,0.52,0.52,0.0,,,0.0,,,,,0.7143,0.6667,0.86,0.14,,,,0.0,1.0,0,29.3,49.1,62.7
B_strict,16_tanglish,50,0.3,0.36,0.625,0.2381,0.3448,0.8125,0.3095,0.4483,0.625,0.7619,0.2,0.0,1.0,0.0,0.2857,,,0.0,0.0,1,26.5,50.3,56.6
B_strict,17_voice_input,50,0.18,0.26,0.2,0.0952,0.129,0.4,0.1905,0.2581,0.5,0.7857,0.1111,0.2,0.875,0.125,0.24,,,0.02,0.0,0,25.4,45.0,52.6
B_strict,18_operator,50,0.2,0.24,0.35,0.1667,0.2258,0.45,0.2143,0.2903,0.3333,0.3333,0.0,0.0,0.5,0.5,0.0769,,,0.0,0.0,1,29.6,47.8,51.8
B_strict,19_browser_automation,50,0.18,0.18,0.2857,0.0952,0.1429,0.2857,0.0952,0.1429,1.0,1.0,0.1,0.25,1.0,0.0,0.2143,,,0.0,0.0,1,25.9,49.3,52.1
B_strict,20_phone_calls,50,0.32,0.34,0.6316,0.2857,0.3934,0.6842,0.3095,0.4262,0.875,0.875,0.25,0.0,0.875,0.125,0.2143,,,0.02,0.0,0,23.0,43.8,92.8
B_strict,21_automation,50,0.34,0.5,0.4194,0.3095,0.3562,0.6774,0.5,0.5753,0.6111,0.6818,0.4286,0.0,0.75,0.25,0.5,,,0.0,0.2,4,26.6,54.0,60.8
B_strict,22_workflows_dev,50,0.26,0.26,0.4706,0.1905,0.2712,0.4706,0.1905,0.2712,1.0,1.0,0.1667,0.0,0.75,0.25,0.1667,,,0.0,0.0,0,28.5,44.6,63.9
B_audited,01_router,49,0.4286,0.4694,0.6667,0.3902,0.4923,0.75,0.439,0.5538,0.8462,0.8667,0.375,0.0,0.75,0.25,0.1333,,,0.0,0.4,1,24.1,50.8,457.4
B_audited,02_core_os,49,0.5102,0.5102,0.7917,0.4634,0.5846,0.7917,0.4634,0.5846,1.0,1.0,0.5,,0.875,0.125,0.3,,,0.0204,0.2,0,24.3,71.5,310.7
B_audited,03_safety,50,0.18,0.28,0.1765,0.1154,0.1395,0.4706,0.3077,0.3721,0.5,0.4444,0.125,0.0,0.7917,0.2083,0.3,1.0,1.0,0.06,0.0,9,25.4,59.2,64.0
B_audited,04_whatsapp,50,0.42,0.5,0.64,0.381,0.4776,0.8,0.4762,0.597,0.75,0.8302,0.3571,0.0,0.625,0.375,0.3529,,,0.02,0.4,7,21.3,46.0,85.3
B_audited,05_multistep,46,0.1087,0.1739,0.2222,0.1053,0.1429,0.3889,0.2059,0.2692,0.6667,0.8235,0.2857,0.0,0.75,0.25,0.1538,,,0.0217,0.2,0,41.1,69.0,124.6
B_audited,06_files,50,0.32,0.36,0.4167,0.2381,0.303,0.5,0.2857,0.3636,0.8333,0.8387,0.4444,1.0,0.875,0.125,0.3529,0.5,0.625,0.0,0.0,3,28.7,58.3,73.0
B_audited,07_intelligence,50,0.18,0.18,0.1,0.027,0.0426,0.1,0.027,0.0426,,,0.0,0.0,0.9231,0.0769,0.2353,,,0.0,0.2,1,28.1,52.3,88.0
B_audited,08_voice_output,50,0.38,0.44,0.5294,0.4286,0.4737,0.6176,0.5,0.5526,0.7692,0.8696,0.375,0.0,0.25,0.75,,,,0.0,0.2,0,23.6,53.7,58.4
B_audited,09_phone,50,0.5,0.52,0.6552,0.4524,0.5352,0.6897,0.4762,0.5634,0.9286,0.9545,0.4444,0.0,0.875,0.125,0.3158,,,0.02,0.4,0,26.1,42.1,52.0
B_audited,10_google,50,0.26,0.4,0.36,0.2143,0.2687,0.64,0.3902,0.4848,0.5625,0.65,0.25,0.0,0.625,0.375,0.1429,,,0.0,0.0,0,22.0,51.7,60.0
B_audited,11_browser_control,50,0.36,0.38,0.5,0.3571,0.4167,0.5333,0.381,0.4444,0.9375,0.9444,0.3333,0.3333,0.625,0.375,0.1905,,,0.02,0.4,1,26.2,47.8,59.4
B_audited,12_vision,50,0.48,0.52,0.625,0.4878,0.5479,0.6875,0.5366,0.6027,0.8571,0.8966,0.8333,0.75,0.4444,0.5556,0.2857,,,0.02,0.2,2,25.6,44.8,65.6
B_audited,13_pc_control,50,0.4,0.44,0.52,0.3171,0.3939,0.6,0.375,0.4615,0.75,0.7778,0.3333,0.5,0.7778,0.2222,0.3529,,,0.0,0.2,1,24.1,52.8,53.1
B_audited,14_history_memory,50,0.36,0.44,0.4667,0.3415,0.3944,0.6,0.439,0.507,0.7857,0.7647,0.3846,0.3333,0.4444,0.5556,0.1333,,,0.0,0.0,2,24.5,52.6,62.6
B_audited,15_chat,49,0.5102,0.5102,0.0,,,0.0,,,,,0.7143,0.6667,0.8571,0.1429,,,,0.0,1.0,0,29.5,49.1,62.7
B_audited,16_tanglish,49,0.3061,0.3673,0.625,0.2439,0.3509,0.8125,0.3171,0.4561,0.625,0.7619,0.2,0.0,1.0,0.0,0.2963,,,0.0,0.0,1,26.5,50.3,56.6
B_audited,17_voice_input,50,0.18,0.26,0.2,0.0952,0.129,0.4,0.1905,0.2581,0.5,0.7857,0.1111,0.2,0.875,0.125,0.24,,,0.02,0.0,0,25.4,45.0,52.6
B_audited,18_operator,50,0.2,0.24,0.35,0.1667,0.2258,0.45,0.2143,0.2903,0.3333,0.3333,0.0,0.0,0.5,0.5,0.0769,,,0.0,0.0,1,29.6,47.8,51.8
B_audited,19_browser_automation,50,0.18,0.18,0.2857,0.0952,0.1429,0.2857,0.0952,0.1429,1.0,1.0,0.1,0.25,1.0,0.0,0.2143,,,0.0,0.0,1,25.9,49.3,52.1
B_audited,20_phone_calls,50,0.32,0.34,0.6316,0.2857,0.3934,0.6842,0.3095,0.4262,0.875,0.875,0.25,0.0,0.875,0.125,0.2143,,,0.02,0.0,0,23.0,43.8,92.8
B_audited,21_automation,50,0.34,0.5,0.4194,0.3095,0.3562,0.6774,0.5,0.5753,0.6111,0.6818,0.4286,0.0,0.75,0.25,0.5,,,0.0,0.2,4,26.6,54.0,60.8
B_audited,22_workflows_dev,50,0.26,0.26,0.4706,0.1905,0.2712,0.4706,0.1905,0.2712,1.0,1.0,0.1667,0.0,0.75,0.25,0.1667,,,0.0,0.0,0,28.5,44.6,63.9
A_router,01_router,50,0.5,0.54,0.75,0.5,0.6,0.8214,0.5476,0.6571,0.8667,0.9091,0.625,0.6667,0.75,0.25,,,,,0.4,1,10.1,23.3,635.4
A_router,02_core_os,50,0.5,0.5,0.7917,0.4524,0.5758,0.7917,0.4524,0.5758,1.0,1.0,0.6,1.0,0.875,0.125,0.4615,,,,0.0,0,9.2,29.6,57.9
A_router,03_safety,50,0.22,0.32,0.2,0.1538,0.1739,0.45,0.3462,0.3913,0.4444,0.5,0.125,0.0,0.7917,0.2083,0.4,,,,0.0,8,13.1,30.7,38.3
A_router,04_whatsapp,50,0.36,0.48,0.56,0.3333,0.4179,0.8,0.4762,0.597,0.625,0.8085,0.3571,1.0,0.75,0.25,0.4,,,,0.2,8,10.3,21.6,24.5
A_router,05_multistep,50,0.14,0.18,0.2,0.0952,0.129,0.3,0.1579,0.2069,0.8333,0.9474,0.25,0.5,0.75,0.25,0.2,,,,0.0,0,16.4,42.5,60.0
A_router,06_files,50,0.32,0.36,0.4,0.2381,0.2985,0.48,0.2857,0.3582,0.8333,0.8387,0.4444,1.0,0.75,0.25,0.4615,,,,0.0,4,13.2,26.7,33.9
A_router,07_intelligence,50,0.16,0.16,0.25,0.0811,0.1224,0.25,0.0811,0.1224,1.0,1.0,0.1111,1.0,0.9231,0.0769,,,,,0.2,1,10.2,30.3,38.7
A_router,08_voice_output,50,0.4,0.48,0.5294,0.4286,0.4737,0.6471,0.5238,0.5789,0.7143,0.8333,0.375,1.0,0.375,0.625,0.25,,,,0.2,0,6.6,30.0,44.7
A_router,09_phone,50,0.48,0.5,0.6207,0.4286,0.507,0.6552,0.4524,0.5352,0.9231,0.9524,0.5556,0.5,0.875,0.125,0.3529,,,,0.0,0,8.4,22.6,26.5
A_router,10_google,50,0.24,0.42,0.3333,0.2143,0.2609,0.6667,0.439,0.5294,0.4706,0.6486,0.25,0.0,0.625,0.375,,,,,0.0,0,7.0,26.3,32.8
A_router,11_browser_control,50,0.3,0.32,0.4828,0.3333,0.3944,0.5172,0.3571,0.4225,0.9333,0.9412,0.3333,0.3333,0.625,0.375,,,,,0.2,1,11.1,20.9,27.2
A_router,12_vision,50,0.44,0.5,0.6333,0.4634,0.5352,0.7333,0.5366,0.6197,0.7857,0.8889,0.8333,1.0,0.4444,0.5556,0.2222,,,,0.0,2,8.5,27.6,45.6
A_router,13_pc_control,50,0.34,0.38,0.52,0.3171,0.3939,0.6,0.375,0.4615,0.75,0.75,0.4444,0.5,0.7778,0.2222,0.2,,,,0.0,1,12.8,27.6,34.9
A_router,14_history_memory,50,0.38,0.46,0.5,0.3902,0.4384,0.625,0.4878,0.5479,0.8125,0.8649,0.5385,0.6667,0.3333,0.6667,,,,,0.0,2,8.2,27.2,48.2
A_router,15_chat,50,0.54,0.54,0.0,,,0.0,,,,,0.7143,0.6667,0.9,0.1,,,,,1.0,0,9.0,26.1,27.3
A_router,16_tanglish,50,0.28,0.34,0.7143,0.2381,0.3571,0.9286,0.3095,0.4643,0.625,0.75,0.2,0.0,1.0,0.0,0.3,,,,0.0,1,13.4,30.7,37.8
A_router,17_voice_input,50,0.16,0.24,0.2,0.0952,0.129,0.4,0.1905,0.2581,0.5,0.7857,0.1111,0.2,0.75,0.25,0.375,,,,0.0,0,11.8,26.2,30.4
A_router,18_operator,50,0.2,0.24,0.3684,0.1667,0.2295,0.4737,0.2143,0.2951,0.3333,0.4,0.0,0.0,0.625,0.375,0.1333,,,,0.0,1,13.3,25.5,39.8
A_router,19_browser_automation,50,0.18,0.18,0.3077,0.0952,0.1455,0.3077,0.0952,0.1455,1.0,1.0,0.1,0.25,1.0,0.0,0.5,,,,0.0,1,12.2,31.1,56.8
A_router,20_phone_calls,50,0.3,0.32,0.6,0.2857,0.3871,0.65,0.3095,0.4194,0.875,0.875,0.25,0.0,0.875,0.125,0.3077,,,,0.0,0,9.6,23.4,50.0
A_router,21_automation,50,0.34,0.48,0.4688,0.3571,0.4054,0.6875,0.5238,0.5946,0.6316,0.7111,0.5714,1.0,0.75,0.25,0.25,,,,0.2,2,10.1,33.2,53.2
A_router,22_workflows_dev,50,0.24,0.24,0.4444,0.1905,0.2667,0.4444,0.1905,0.2667,1.0,1.0,0.1667,0.0,0.75,0.25,0.2,,,,0.0,0,12.2,23.4,27.1
